Week,Date Range,Backend Completed Tasks,Backend Hours,Frontend Completed Tasks,Frontend Hours,Total Completed Tasks,Total Hours,Backend Progress %,Frontend Progress %,Overall Progress %,Blockers,Notes
Week 1,2024-01-01 to 2024-01-07,8,64,0,0,8,64,20,0,10,None,Backend foundation complete
Week 2,2024-01-08 to 2024-01-14,4,32,3,11,7,43,30,5,15,None,Frontend setup started
Week 3,2024-01-15 to 2024-01-21,2,16,4,16,6,32,35,10,20,None,Authentication UI in progress
Week 4,2024-01-22 to 2024-01-28,0,0,0,0,0,0,35,10,20,None,Planned work
Week 5,2024-01-29 to 2024-02-04,0,0,0,0,0,0,35,10,20,None,Planned work
Week 6,2024-02-05 to 2024-02-11,0,0,0,0,0,0,35,10,20,None,Planned work
Week 7,2024-02-12 to 2024-02-18,0,0,0,0,0,0,35,10,20,None,Planned work
Week 8,2024-02-19 to 2024-02-25,0,0,0,0,0,0,35,10,20,None,Planned work
Week 9,2024-02-26 to 2024-03-04,0,0,0,0,0,0,35,10,20,None,Planned work
Week 10,2024-03-05 to 2024-03-11,0,0,0,0,0,0,35,10,20,None,Planned work
Week 11,2024-03-12 to 2024-03-18,0,0,0,0,0,0,35,10,20,None,Planned work
Week 12,2024-03-19 to 2024-03-25,0,0,0,0,0,0,35,10,20,None,Planned work
Week 13,2024-03-26 to 2024-04-01,0,0,0,0,0,0,35,10,20,None,Planned work
Week 14,2024-04-02 to 2024-04-08,0,0,0,0,0,0,35,10,20,None,Planned work
Week 15,2024-04-09 to 2024-04-15,0,0,0,0,0,0,35,10,20,None,Planned work



