Feature ID,Feature Name,Module,SuperAdmin Status,SuperAdmin Progress %,Tenant Admin Status,Tenant Admin Progress %,Marketing Executive Status,Marketing Executive Progress %,Backend Status,Frontend Status,Priority,Estimated Hours,Actual Hours,Notes
FEAT-001,Dashboard,Dashboard,Not Started,0,Not Started,0,Not Started,0,Completed,Not Started,High,36,12,Backend complete for all roles
FEAT-002,Authentication,Authentication,Not Started,0,Not Started,0,Not Started,0,Completed,In Progress,Critical,24,18,Backend complete frontend in progress
FEAT-003,Tenant Management,Administration,Not Started,0,N/A,N/A,N/A,N/A,Completed,Not Started,High,30,16,SuperAdmin only feature
FEAT-004,Role Management,Administration,Not Started,0,Not Started,0,N/A,N/A,Completed,Not Started,High,24,8,SuperAdmin and Tenant Admin
FEAT-005,Admin Management,Administration,Not Started,0,Not Started,0,N/A,N/A,Completed,Not Started,High,22,12,SuperAdmin and Tenant Admin
FEAT-006,Marketing Executive Management,Administration,Not Started,0,Not Started,0,N/A,N/A,Completed,Not Started,High,22,12,SuperAdmin and Tenant Admin
FEAT-007,Organization Details,Administration,N/A,N/A,Not Started,0,N/A,N/A,Completed,Not Started,Medium,8,4,Tenant Admin only
FEAT-008,Branch Management,Administration,N/A,N/A,Not Started,0,N/A,N/A,Completed,Not Started,High,24,12,Tenant Admin only
FEAT-009,Designation Management,Administration,N/A,N/A,Not Started,0,N/A,N/A,Completed,Not Started,High,20,8,Tenant Admin only
FEAT-010,Lead Management,Sales & Marketing,Not Started,0,Not Started,0,Not Started,0,Completed,Not Started,High,40,24,All roles different views
FEAT-011,Quotation Management,Sales & Marketing,Not Started,0,Not Started,0,Not Started,0,Completed,Not Started,High,48,24,All roles different views
FEAT-012,Premium Calculator,Sales & Marketing,N/A,N/A,N/A,N/A,Not Started,0,In Progress,Not Started,High,16,12,Marketing Executive only
FEAT-013,Attendance,Operations,N/A,N/A,Not Started,0,Not Started,0,Completed,Not Started,High,30,16,Marketing Executive and Admin reporting
FEAT-014,Notifications,System,Not Started,0,Not Started,0,Not Started,0,Completed,Not Started,Medium,24,12,All roles
FEAT-015,Notice Board,System,Not Started,0,Not Started,0,N/A,N/A,Not Started,Not Started,Low,10,0,SuperAdmin and Tenant Admin
FEAT-016,Reporting,Reporting,Not Started,0,Not Started,0,Not Started,0,Completed,Not Started,Medium,34,16,All roles different reports
FEAT-017,System Logs,System,Not Started,0,Not Started,0,N/A,N/A,Completed,Not Started,Medium,10,6,SuperAdmin and Tenant Admin
FEAT-018,Excel Export,Operations,Not Started,0,Not Started,0,Not Started,0,Completed,Not Started,Medium,8,8,All roles
FEAT-019,PDF Generation,Operations,Not Started,0,Not Started,0,Not Started,0,Completed,Not Started,High,4,4,Quotation PDFs
FEAT-020,User Profile,Security,Not Started,0,Not Started,0,Not Started,0,Completed,Not Started,Medium,18,8,All roles
FEAT-021,Password Management,Security,Not Started,0,Not Started,0,Not Started,0,Completed,Not Started,Medium,6,4,All roles
FEAT-022,Two-Factor Authentication,Security,Not Started,0,Not Started,0,Not Started,0,Completed,Not Started,High,6,4,All roles
FEAT-023,Menu Permissions,Administration,Not Started,0,Not Started,0,N/A,N/A,Completed,Not Started,High,16,8,Permission assignment UI
FEAT-024,Lead Activities,Sales & Marketing,Not Started,0,Not Started,0,Not Started,0,Completed,Not Started,High,8,4,Activity tracking
FEAT-025,Quotation Items,Sales & Marketing,Not Started,0,Not Started,0,Not Started,0,Completed,Not Started,High,8,4,Quotation line items
FEAT-026,Location Services,Operations,N/A,N/A,N/A,N/A,Not Started,0,Completed,Not Started,High,4,4,Geolocation for attendance
FEAT-027,Import Functionality,Operations,Not Started,0,Not Started,0,N/A,N/A,Completed,Not Started,Medium,16,8,Excel import for various entities
FEAT-028,Search and Filtering,Operations,Not Started,0,Not Started,0,Not Started,0,Completed,Not Started,High,12,8,Sieve filtering
FEAT-029,Pagination,Operations,Not Started,0,Not Started,0,Not Started,0,Completed,Not Started,High,4,4,Standard pagination
FEAT-030,Sorting,Operations,Not Started,0,Not Started,0,Not Started,0,Completed,Not Started,High,4,4,Column sorting



